1434,
1252,
1230,
564,
1191,
1235,14-k-restaurant-and-lounge-washington
1541,1789-washington-2
3800,1791-dc-washington
2145,1800-café-washington-2
4409,
6718,1905-bistro-washington
5114,1905-bistro-washington
822,
6646,3-pizanos-washington
5908,
1366,
3631,
1449,
3805,701-pennsylvania-avenue-restaurant-and-bar-washington
5565,701-pennsylvania-avenue-restaurant-and-bar-washington
4318,seventh-hill-washington
6641,876-cafe-washington
2189,
5809,901-restaurant-and-bar-washington
3974,
6476,a-deli-washington
6764,
6994,
5340,
3640,
4408,aatish-on-the-hill-washington
6132,absolute-thai-washington
7037,acacia-gourmet-washington
5137,acacia-bistro-and-wine-bar-washington-2
1207,acadiana-washington
1206,acadiana-washington
6709,
5311,
5300,acqua-al-2-washington
5852,acre-121-washington
3019,
6497,
2540,
5819,
2579,afghan-grill-washington
3971,
6540,againn-washington-2
5845,agora-restaurant-washington
2808,
1559,
2747,
2084,
2522,
6115,
5626,
1658,
6566,al-dente-washington
2415,
3047,alero-restaurant-washington
2056,alero-restaurant-washington-2
1624,alero-restaurant-washington-4
4758,alero-restaurant-washington-6
1515,
6905,ambassador-restaurant-and-bar-washington
2277,ambassador-restaurant-and-bar-washington
1052,
5933,america-eats-tavern-washington
4586,
3573,american-city-diner-washington
2473,
5408,american-ice-company-washington
4221,
2686,
3254,
2978,
5249,amorini-panini-washington
5719,
525,
4080,an-uncommon-cafe-washington
5130,an-uncommon-cafe-washington
1764,
4654,
532,
5136,angelico-la-pizzeria-washington-2
3322,angelico-pizzeria-and-cafe-washington
2670,
2089,anna-marias-italian-restaurant-washington
2664,
4760,fast-eddies-billiard-cafe-washington
1881,fast-eddies-billiard-cafe-washington
6871,ardeo-washington
716,argonaut-tavern-washington
1606,aria-pizzeria-and-bar-washington-3
840,armands-chicago-pizzeria-washington
3225,armands-chicago-pizzeria-washington-2
4022,
3588,
6886,
2636,aroma-cafe-washington
2309,aroma-indian-cuisine-washington-2
6985,aroi-fine-thai-and-japanese-cuisine-washington
2033,
6113,arthur-treachers-fish-and-chips-washington
2422,
3574,arucola-washington
1299,ascot-restaurant-washington
2543,
2268,
5557,
4041,asia-nine-bar-and-lounge-washington
3827,asian-spice-washington
5108,
2223,
2680,
3589,
3036,
1490,atrium-cafe-washington-3
5343,atrium-cafe-washington-3
6621,
4540,atrium-cafe-washington
5928,
1276,
1766,au-bon-pain-washington-7
3934,au-bon-pain-washington-2
5515,au-bon-pain-washington-20
1054,au-bon-pain-washington-2
3693,au-bon-pain-washington-9
1248,au-bon-pain-washington-18
1575,au-bon-pain-washington-18
5097,au-bon-pain-washington-7
1328,au-bon-pain-washington-7
3786,au-bon-pain-washington-7
1377,au-bon-pain-washington-7
2243,au-bon-pain-washington-5
2057,au-bon-pain-washington-5
2016,au-bon-pain-washington
2382,au-bon-pain-washington-5
5922,au-bon-pain-washington
2153,au-bon-pain-washington-5
2244,au-bon-pain-washington-5
4607,au-bon-pain-washington-14
2781,
3710,
3870,austin-grill-washington
3702,
137270,avocado-cafe-washington
4800,avocado-cafe-washington
1680,avenue-grill-washington
784,
2548,awash-restaurant-washington
2293,axian-food-factory-washington
6785,axum-ethiopian-restaurant-washington
2325,axum-ethiopian-restaurant-washington
6809,axum-ethiopian-restaurant-washington
6135,azis-cafe-washington
1702,azis-cafe-washington
862,b-and-j-carryout-washington
1056,b-smiths-washington-2
5352,
5132,
6914,thai-x-ing-washington
7005,
5675,
4411,
6171,bacio-pizzeria-washington
6819,back-alley-waffles-washington
4094,
860,
2496,
2344,baja-fresh-washington
1698,baja-fresh-mexican-grill-washington
1435,baja-grille-washington
3904,
3454,bambu-washington-2
3487,
4920,banana-cafe-and-piano-bar-washington
4869,banana-cafe-and-piano-bar-washington
4373,banana-cafe-and-piano-bar-washington
2428,banana-leaves-washington
2953,bandolero-washington-2
4723,
2961,
2810,bangkok-joes-washington
1785,bangkok-one-washington
2420,bangkok-thai-dining-washington
3840,
3495,
1274,
6939,
5357,bar-cöde-washington-2
3957,
3798,bar-louie-washington
1663,
2226,bar-pilar-washington
3586,
2828,
3950,
1924,basil-thai-restaurant-washington
4789,
1650,
1934,
5330,beau-thai-washington-2
4380,belga-cafe-washington
4922,
2876,
1719,
1516,bens-chili-bowl-washington
2933,
3215,
2380,italian-bertuccis-restaurant-washington
1524,bertuccis-brick-oven-pizzeria-washington-2
2151,the-best-sandwich-place-washington
6121,
6220,americas-best-wings-washington
523,
6312,
1339,bibiana-washington
6938,
1885,
4620,biergarten-haus-washington
5131,
3415,billy-goat-tavern-washington
4799,billy-martins-tavern-washington
1570,billy-martins-tavern-washington
137268,birch-and-barley-washington
5535,birch-and-barley-washington
561,
2501,biryani-corner-washington
2076,
5648,
3496,
6531,
3470,bistro-d-oc-washington
5398,bistrot-du-coin-washington
2867,bistro-francais-washington
911,bistro-italiano-washington
6285,bistro-med-washington-2
2977,
2087,bistrot-lepic-washington
6464,black-and-orange-washington-2
2170,
2310,
3388,blacksalt-fish-market-and-restaurant-washington
2624,
2622,
2623,
5918,
5931,blackfinn-washington
6941,
5489,
5456,
3630,
137263,
5409,
3206,
3210,
3209,
977,
3962,
1306,
3893,
6692,
1950,blt-steak-washington
5669,blue-44-restaurant-and-bar-washington
1484,blue-duck-tavern-washington
1503,
1576,
5969,
5642,
920,bobbys-q-restaurant-washington
1493,bobby-vans-steakhouse-washington
6015,bobbys-burger-palace-washington-2
3964,bobby-vans-steakhouse-washington
4772,bobby-vans-steakhouse-washington
2399,
2860,bodega-washington
5228,bohemian-caverns-washington
5512,bojangles-washington-2
3973,the-bombay-club-washington
3632,
6177,
2971,booeymonger-restaurant-washington
3500,booeymonger-restaurant-washington-2
6395,boqueria-washington
3620,
3535,
2152,
2677,bossa-washington
6491,boundary-road-washington
6110,boundary-stone-public-house-washington
2613,bourbon-washington
2591,bourbon-washington-2
6406,
1373,brasserie-beck-washington
1240,bravo-bravo-washington
4422,
2575,bread-and-chocolate-washington
3576,
2559,breadsoda-washington
1204,
5399,
3609,
1708,
4030,
1199,
946,brookland-grill-washington
3979,brown-bag-washington
3191,
3444,brueggers-bagels-washington-2
2606,brueggers-bagels-washington-4
2474,
5373,
1972,bua-restaurant-washington
733,
2195,buca-di-beppo-washington
1593,
5170,bucks-fishing-and-camping-washington
4206,
4745,buddha-bar-washington
713,buka-restaurant-washington
2666,
6779,bullfeathers-washington
4520,
3424,burger-king-washington-2
912,burger-king-washington-4
1921,
2112,burger-king-washington-11
5150,burger-king-washington-11
3294,burger-king-washington-9
6390,burger-tap-and-shake-washington
3854,burma-restaurant-washington
4200,burrito-brothers-washington
6586,
2611,
1284,busboys-and-poets-washington-3
2434,busboys-and-poets-washington-2
3619,
3024,byblos-deli-washington
1536,cf-folks-restaurant-washington
2829,cabanas-washington
2981,cactus-cantina-washington
2506,cafe-romeos-washington
3958,
1931,
4553,cafe-59-washington
4351,cafe-8-washington
2045,cafe-asia-washington
3406,
1823,
3192,
917,café-berlin-washington-2
5666,
1883,café-bonaparte-washington-2
1660,cafe-cantina-washington-3
2830,cafe-cantina-washington
6424,cafe-carvy-washington
2101,
1279,
1713,café-citron-washington-3
1717,cafe-collage-washington
1404,cafe-cozy-corner-washington
2556,
6232,
3855,cafe-deli-washington
2943,cafe-deluxe-washington
5135,cafe-deluxe-washington
2228,café-divan-washington-2
4803,café-divan-washington-2
1776,café-du-parc-washington-2
1848,café-dupont-washington-3
1791,cafe-eagle-washington
4877,
5825,cafe-grande-washington
1869,cafe-green-washington
2741,
4706,cafe-istanbul-washington
2450,cafe-japone-washington
2044,la-cafe-ii-washington
1294,café-la-ruche-washington-2
1967,cafe-luna-washington
5329,cafe-manna-washington
2962,cafe-milano-washington
1675,cafe-mozart-washington
1699,
1647,
6019,cafe-of-india-washington
3183,cafe-olé-washington-2
2354,
5169,cafe-paradiso-washington
5475,cafe-phillips-washington-5
3774,phillips-cafe-washington
1494,cafe-phillips-washington-3
5217,cafe-phillips-washington-3
7040,cafe-phillips-washington-3
2118,cafe-phillips-washington
5879,cafe-phillips-washington-9
5207,
3405,cafe-phillips-washington-5
4201,t-v-a-cafe-recess-washington
1061,
2239,cafe-saint-ex-washington
3998,cafe-soleil-washington
954,cafe-sureia-washington
6518,
2783,cafe-tu-o-tu-washington
4552,
1161,
1322,california-grill-washington-2
2046,california-grill-washington-2
3838,california-tortilla-washington-3
6679,california-tortilla-washington-2
3050,california-tortilla-washington-2
3017,california-tortilla-washington-2
6375,
2681,
3872,
2582,
2188,
3773,camilles-sidewalk-cafe-washington
1922,
1305,canal-café-washington-2
4600,cantina-marina-washington
1260,
5298,
5258,the-capital-grille-washington-2
1819,
3811,
4451,
4601,
799,
1338,capitol-city-brewing-company-washington-3
4433,capitol-city-subs-washington
4436,
2470,capitol-grounds-coffee-washington-2
535,
4348,capitol-hill-tandoor-and-grill-washington
6315,capitol-hill-tandoor-and-grill-washington
5206,capitol-lounge-washington
137273,capitol-lounge-washington
2321,capitol-pizza-washington-2
4381,
1821,
2919,
2191,
6233,
1735,
1457,
2004,
2017,
2144,
3636,
1365,
4690,carmines-washington
3098,carolina-washington
2435,carvings-washington
5042,casa-blanca-restaurant-washington
1267,casa-blanca-restaurant-washington
3398,
3399,
1569,casa-nonna-washington
137257,
2476,
3625,cascade-cafe-washington
2368,
3447,
2181,cashions-eat-place-washington
5171,
4449,
3940,
2802,
1148,
1153,
6068,
1149,
6067,
3065,
7012,the-caucus-room-brasserie-washington
6805,cava-mezze-grill-washington
5056,cava-mezze-dc-washington-2
3299,cedar-washington
1710,ceiba-washington-2
6891,
1064,center-cafe-at-union-station-washington
1249,central-michel-richard-washington
1729,
2901,chadwicks-washington
3491,chadwicks-washington-2
2284,chalins-restaurant-washington
6721,chalins-restaurant-washington
3233,chalins-restaurant-washington
6229,
6228,
1261,charlie-palmer-steak-washington
3844,charlies-bar-and-grill-washington
2701,charmthai-restaurant-washington
4778,charmthai-restaurant-washington
2288,chartwell-grill-and-lounge-washington
6910,
5031,chatmans-d-vine-bakery-and-cafe-washington
2899,chef-geoffs-washington
1618,chef-geoffs-downtown-washington
3458,chens-gourmet-chinese-carryout-washington
2708,chens-watergate-washington
6644,chercher-ethiopian-restaurant-and-mart-washington
966,
3546,
3711,chez-aunty-libe-washington
6603,chez-billy-washington
1948,chi-cha-lounge-washington
7014,chicken-and-rice-washington
5949,chicken-out-rotisserie-washington
3385,chicken-out-rotisserie-washington
4089,chicken-tortilla-washington
5374,
2052,
1927,
1384,
2352,
3875,china-hut-washington
2572,china-wonder-washington
2907,
5846,
3864,chinatown-express-washington
3724,chinatown-garden-washington
6997,ching-ching-cha-washington
1312,ching-ching-cha-washington
3637,chipotle-washington
5299,chipotle-washington-8
1957,chipotle-washington-3
2713,chipotle-mexican-grill-washington-4
5498,chipotle-washington-4
3240,chipotle-mexican-grill-washington-3
2232,chipotle-washington-2
6186,
6945,chipotle-washington-9
2967,chipotle-mexican-grill-washington
5788,
6732,chipotle-mexican-grill-washington-9
2426,chix-washington
6018,
3722,chopt-creative-salad-company-washington-4
6124,chopt-creative-salad-company-washington-9
3841,chopt-creative-salad-company-washington-4
5223,chopt-creative-salad-company-washington-8
5429,chopt-creative-salad-company-washington-2
5061,chopt-creative-salad-company-washington-2
6063,
137240,chopsticks-washington
1321,chopsticks-washington
2037,
1381,
919,
2969,
2767,
1887,
2289,
2696,churreria-madrid-washington
2952,
3184,
5892,circa-at-foggy-bottom-washington-2
1914,circa-at-dupont-washington
5936,circa-at-foggy-bottom-washington-2
2534,
5386,cities-restaurant-and-lounge-washington-2
5909,city2cafe-washington
1362,city-buffet-restaurant-washington
1583,
3590,
2074,city-lights-of-china-washington
4482,cityzen-washington-2
6392,clara-barton-cafe-washington
2376,
3031,cleveland-park-bar-and-grill-washington-2
6402,
4396,
1968,
6982,
5327,
6236,
6173,
565,
3809,clydes-washington-3
2947,clydes-washington
1978,
4055,co-co-sala-washington
6490,
3430,
5028,coffee-nature-washington
6500,coffy-cafe-washington
3055,
1205,
3917,
4516,
3025,
6878,
2597,
2113,combination-restaurant-washington
137262,
3442,
1829,commissary-washington
1746,
5054,
2983,
2383,
2393,
3222,
5511,constitution-cafe-washington
5921,constitution-cafe-washington-3
1792,coppis-organic-washington
1420,corduroy-washington-4
5406,
6940,
6249,
6098,corner-bakery-cafe-washington-8
6885,corner-bakery-cafe-washington
2150,corner-bakery-cafe-washington
1807,
2221,corner-bakery-cafe-washington
3513,corner-bakery-cafe-washington-5
5266,food-corner-kabob-house-washington
1857,cornerstone-cafe-washington
3996,
589,
3785,cosi-washington-11
1571,cosi-washington
2251,cosi-washington-12
4289,cosi-washington-10
1695,cosi-washington-11
1855,cosi-washington-12
1986,cosi-washington-13
1720,cosi-washington-8
2311,cosi-washington-4
3118,cosi-washington-17
3697,
2008,cosi-washington-12
1251,
3499,
4599,
2489,cosmos-club-washington
2123,
4132,
1910,
2256,
5000,
1495,
2222,cozy-cafe-washington-2
1657,creme-cafe-and-lounge-washington
2390,crepeaway-washington
2494,
1961,
6861,
3327,crisp-and-juicy-washington
6545,
4807,crumbs-and-coffee-washington
2088,crumbs-and-coffee-washington
5242,
1431,
2258,
3629,
1220,
5229,
2082,
6775,cusbah-washington
5233,
3955,
6114,dc-thai-washington
2149,
4840,
6925,
6137,daily-grill-washington-3
1634,daily-grill-washington-3
1467,daily-grill-washington
2085,
2329,
2587,dans-cafe-washington
93287,dancing-crab-washington
3338,dancing-crab-washington
612,dannys-carryout-washington
1928,darlington-house-washington
6643,
1500,das-ethiopian-washington
4882,
3278,
3279,
2447,
3747,
3533,
5234,
3555,dc-boathouse-washington
1552,
5638,
1550,dc-bread-and-brew-washington
2453,dc-cafe-washington
1767,dc-coast-washington-2
1160,
5731,
3762,
3044,
2396,
6572,dc-reynolds-washington
827,
4441,
4442,
5354,dc-3-washington-2
3372,
2973,
6792,del-friscos-grille-washington-3
3306,
833,deli-city-restaurant-washington
2657,
5420,
1033,dennys-washington
6318,dennys-washington-2
2240,
4539,
4447,
4587,
4062,
2359,
4104,
4976,
1674,devon-and-blakely-washington-2
5696,devon-and-blakely-washington-5
6688,
4020,
4504,
6026,
2196,
6872,dino-restaurant-washington
5790,dino-restaurant-washington
4050,
2949,district-2-bar-and-grille-washington
3449,district-chophouse-and-brewery-washington
6108,district-commons-washington-3
1491,district-grill-washington
6387,district-kitchen-washington
6845,
6069,district-of-pi-washington
6694,district-taco-washington
2517,
1653,
5106,dominos-pizza-washington-2
137256,don-jaime-restaurant-washington
4795,don-jaime-restaurant-washington
1992,don-juan-restaurant-washington
2778,don-lobos-mexican-grill-washington-2
6105,zentan-washington
2862,dos-gringos-washington
4551,
1874,
4207,
3476,the-dubliner-washington
2477,duffys-irish-restaurant-and-pub-washington
6471,
5215,dukem-ethiopian-restaurant-washington
2019,
6798,
867,
1867,
5034,
4924,duplex-diner-washington
1722,
1546,
1974,dupont-italian-kitchen-washington
5547,dupont-pizza-washington-2
1718,
855,
5008,
4617,
1049,east-street-cafe-washington
2824,eastern-empire-restaurant-washington
5616,eat-and-joy-washington
3704,eat-first-restaurant-washington
2488,eatonville-washington
3333,
807,
882,
2714,eddies-cafe-chinese-cuisine-washington
611,eddies-washington
6308,eddies-carryout-washington
137243,
1512,
2174,
3086,
4950,
3485,
6864,
5255,
2314,el-chalan-restaurant-washington
6788,el-chucho-washington
3282,el-don-restaurant-washington
2126,el-khartoum-washington
2407,
2048,
2294,
3145,
5232,
2884,el-pollo-sabroso-washington-2
137255,el-pollo-sabroso-washington-2
1817,
3529,
3528,
2215,
1427,el-rinconcito-cafe-washington
2941,el-rinconcito-deportivo-washington
3076,
137242,el-sauce-washington
1806,
2320,
2129,el-tamarindo-washington
4880,el-tamarindo-washington
3850,
2915,
3224,el-torogoz-washington
1496,elephant-and-castle-washington
6107,elephant-and-castle-washington-3
1568,elis-restaurant-washington-3
6303,
4028,
4027,
975,
6772,
3347,
3538,
1555,
1556,trattoria-nicolas-washington
4486,
1243,
2629,
2303,
2140,
2433,eola-washington
1487,
1474,
3099,
3234,epicurean-and-company-washington
3980,equinox-restaurant-washington
2842,
3628,
3584,
3626,
5195,
3459,et-voila-washington
2336,etete-washington
5915,
2479,
2009,
4574,everything-yogurt-and-salad-cafe-washington
2042,
1832,
4101,
2535,
3941,
2577,exhale-washington
2319,
2036,
1904,the-eye-street-grill-washington
5578,ezme-restaurant-and-wine-bar-washington
4003,
6462,
4610,
2163,
3119,
3641,
6669,
845,
2630,
5796,
3185,
5795,
3141,
5776,
5726,fast-gourmet-washington
2539,fat-daddys-washington
3556,
2364,
6821,
6082,fiesta-washington-2
5782,fiesta-washington-2
4064,
3374,figs-lebanese-cafe-washington
1311,filomena-ristorante-washington
6693,
1651,finemondo-restaurant-washington
4004,
2821,
5657,fiola-da-fabio-trabocchi-washington
3882,fire-and-sage-washington
4350,
3205,
3828,firehook-bakery-washington
4209,
3285,
3021,
3412,
5534,
3592,
1906,
2528,the-fireplace-washington
4018,first-cup-cafe-washington
3701,
5567,
3894,five-guys-burgers-and-fries-washington-5
2573,five-guys-famous-burgers-and-fries-washington
6087,five-guys-burgers-and-fries-washington-5
4128,five-guys-burgers-and-fries-washington-3
1741,five-guys-burgers-and-fries-washington-2
2197,five-guys-washington-2
1701,five-guys-burgers-and-fries-washington-8
6958,five-guys-washington-2
5103,five-guys-washington-2
1745,five-guys-washington-2
623,five-guys-burgers-and-fries-washington
4091,five-guys-burgers-and-fries-washington-3
1982,five-guys-burgers-and-fries-washington-6
5180,flavors-of-jaguya-washington
2710,
1375,
5216,
5735,
3326,flip-it-bakery-washington
6973,flippin-pizza-washington-2
5204,flippin-pizza-washington-2
5437,
5508,floriana-washington
1916,floriana-washington
3746,
1332,florida-avenue-grill-washington
5385,
3942,
1376,fogo-de-chao-washington-2
2574,
3203,
3818,
4448,
1475,
3059,
4671,
2772,
2774,
2771,
2770,seasons-restaurant-washington
2989,foxhall-square-cafe-washington
2523,
6569,frankies-washington
5906,frankies-washington
2945,
1477,franklin-grille-washington
3195,franklin-grille-washington-2
1194,
5664,bistro-bistro-washington-2
2711,
2270,
2996,fresh-med-washington
5829,
3901,
6485,freshii-washington-2
1246,
1463,friends-kabob-washington
2353,friends-kabob-washington
5012,
3211,
2516,froggy-bottom-pub-washington
1697,the-front-page-washington
5282,
4514,
93276,fuddruckers-washington-2
3852,fuddruckers-washington-2
1522,
6431,fuel-pizza-washington
3450,full-kee-restaurant-washington
1044,full-yums-sub-shop-washington
6923,
2777,
2724,
4382,fusion-grill-washington
2890,
4949,
6577,g-street-food-washington-2
2023,g-street-food-washington
2537,
1401,
5253,
1388,
1953,
3287,
3288,
3969,
4031,
2819,
2304,
1958,
2833,
2300,
6888,georges-king-of-falafel-and-cheesesteak-washington
2545,
2956,
2963,
3127,café-georgetown-washington
1946,georgetown-cafe-washington-2
1506,
2906,georgetown-dinette-washington
3122,
4058,georgia-browns-restaurant-washington
4040,
2678,
4181,
3580,
6346,
871,
2641,
4475,
3020,glorias-pupuseria-washington
3876,
757,golden-skillet-washington
2585,
4292,good-stuff-eatery-washington
2262,
4303,
5837,
4015,gordon-biersch-brewery-restaurant-washington
3965,
2365,
4576,gourmet-too-washington
3816,
2514,graces-gourmet-washington
5883,graffiato-washington
93291,
2669,
6726,grand-deli-and-cafe-washington-2
4517,grand-deli-and-cafe-washington-2
1221,
1222,
1224,
1225,
1226,
1227,
1229,
3611,
2147,
602,granville-moores-washington
1889,great-wall-szechuan-house-washington
3975,
1144,
1408,greek-deli-and-catering-washington
4781,greek-deli-and-catering-washington
3218,
1945,
3647,the-greene-turtle-washington
534,
1678,grill-kabob-washington
6275,grill-kabob-washington-2
5304,grill-kabob-washington-2
2979,redfire-grill-kabob-washington
1478,grillfish-washington
4521,
1856,
3319,guapos-restaurant-washington
4009,george-washington-university-hospital-cafeteria-washington
3902,
6527,
6847,h-and-pizza-washington
5656,
1340,haad-thai-restuarant-washington
2864,
2227,habana-village-washington
2863,
2865,
1818,
1705,
6369,the-hamilton-washington
2600,
1947,hanks-oyster-bar-washington
6866,hanks-oyster-bar-washington-2
2806,harbour-cafe-washington
4070,hard-rock-cafe-washington
5889,harmony-café-washington-2
3531,harriets-family-restaurant-washington
3245,harriets-family-restaurant-washington
3259,harrys-restaurant-washington
4125,
6750,
4319,hawk-n-dove-washington
3898,the-lafayette-at-the-hay-adams-washington
4761,haydees-restaurant-washington
3754,
2855,haydees-restaurant-washington
5516,
4126,
624,
2027,
1814,
6433,henrys-soul-cafe-washington-2
5877,heritage-india-washington
1706,heritage-india-washington-2
4502,
4522,
1635,
4053,
1470,high-noon-fresh-and-ready-washington
5495,
5308,
6894,highlands-washington-3
3354,highlands-washington-3
5548,hill-country-washington
4439,
3202,
1236,
5853,himalayan-heritage-washington-2
6961,hitching-post-washington
2361,hitching-post-washington
3565,
3593,
4611,
6723,
1859,
2493,
3862,
6133,
4445,
3381,homemade-pizza-company-washington
1839,
875,
3989,hooters-washington
5017,
4285,
6695,horace-and-dickies-washington
751,
4903,hot-n-juicy-crawfish-washington
3719,
2397,
1843,
1632,firefly-washington
3466,
2224,house-of-kabob-washington
5166,house-of-philly-washington
5935,
1165,
6869,howard-china-washington
2786,howard-china-washington
4985,howard-china-washington
5022,
5247,howard-theatre-washington
2456,
7004,
2553,
2564,
2791,
2552,
6763,
5652,
1926,
6746,
4567,
4210,hunan-dynasty-washington
5060,hunan-palace-washington
1275,hunan-palace-washington
2960,
5946,
3170,
3167,
3168,
3166,
3169,
1529,ristorante-i-ricchi-washington
591,
5326,
5085,
5361,
5359,ihop-washington-3
4180,ihop-washington-5
2010,
3262,tesoro-washington
2263,
3788,
3789,
2425,
3810,
1297,the-indian-experience-washington
3219,indian-ocean-washington
3056,indique-washington
1505,indulj-washington
2834,
2835,
3357,
6483,instant-noodles-washington
3015,
1587,
4108,
2413,
2417,
3594,
2214,
817,
3410,irish-channel-restaurant-and-pub-washington
6403,irish-whiskey-public-house-washington
2081,
6909,
1394,
3993,
5888,
5831,italian-pizza-kitchen-washington-2
3310,italian-pizza-kitchen-washington
1389,italian-kitchen-on-u-washington-3
5744,
1407,
3062,
6761,izakaya-seki-washington
1544,
509,j-and-p-cafeteria-washington
5667,j-pauls-washington
1295,
1681,
1682,
1679,
1685,
5803,
3422,jacks-famous-deli-washington
3750,jacks-famous-deli-washington
1428,jacks-famous-deli-washington-5
1280,
2043,jacks-fresh-washington-3
1464,
1269,
3708,jackey-cafe-washington-2
1458,jackie-lees-the-lounge-uptown-washington
1890,jacks-fresh-washington-4
1742,jacks-fresh-washington-5
990,
2991,
5507,jakes-american-grille-washington
6516,jaleo-washington
1078,
5624,jamaican-joes-famous-jerk-chicken-washington-2
1213,james-hobans-irish-restaurant-and-bar-washington
6588,
2722,
6117,jannat-kabob-and-pizza-washington
3571,
1281,java-green-washington
1983,
6983,
5309,
4057,
4452,jennys-asian-fusion-washington
3214,jerrys-subs-and-pizza-washington-4
3100,
1925,jetties-washington
6263,jimmy-johns-washington
6337,jimmy-johns-washington-2
2003,
4376,jimmy-ts-place-washington-2
6875,
4899,
3356,
1323,
5024,jjs-cheesesteaks-washington
2330,jjs-cheesesteaks-washington
1324,
5617,
5493,
6897,
93243,
2095,
1079,johnny-rockets-washington
2379,johnny-rockets-washington-4
2873,johnny-rockets-washington-2
2041,johnny-rockets-washington-3
5860,johnnys-deli-washington
6086,
5310,
3174,johnnys-half-shell-washington
5129,
1879,jojo-restaurant-and-bar-washington
2299,
1728,jonathans-gourmet-deli-washington-2
2515,jonathans-gourmet-deli-washington-3
1409,jonathans-gourmet-deli-washington
3451,
4387,
3552,
4897,
4650,
2661,jyoti-restaurant-washington-2
2645,
1880,jrs-bar-and-grill-washington
1951,
2252,
6568,
2541,restaurant-judy-washington
2544,restaurant-judy-washington
6575,juice-joint-café-washington-2
2346,juice-zone-washington-2
2731,
6975,julias-empanadas-washington-5
2950,julias-empanadas-washington-5
2673,julias-empanadas-washington-3
4701,julias-empanadas-washington-5
5449,jumbo-pizza-washington-2
1714,jumbo-pizza-washington-2
2632,
4045,
6016,justins-cafe-washington-2
5891,
5520,
5073,kababji-grill-washington-2
2443,food-corner-kabob-house-washington
1094,kabuki-sushi-washington
6613,kangaroo-boxing-club-washington
3856,kanlaya-thai-cuisine-washington
2627,kavanaghs-pizza-pub-washington-2
2292,kaz-sushi-bistro-washington
1935,
1184,
1734,kellys-irish-times-washington
3462,
5030,kendejah-washington
2763,roof-terrace-restaurant-washington-3
5154,
1176,kennys-smokehouse-washington
4472,
795,
1031,
2125,keren-restaurant-washington
2323,
4883,
3220,
832,kfc-washington-6
4264,
3124,
5549,khans-bar-and-grill-washington-2
2596,
5926,king-of-kabob-washington
4624,
2377,kinkeads-restaurant-washington
5091,
1027,
2639,
6960,kitty-o-sheas-dc-washington
4222,
3440,
2177,
5080,
6589,kokeb-ethiopian-restaurant-washington
2576,
6215,komi-washington
3370,kotobuki-washington
1006,
1877,kramerbooks-and-afterwords-cafe-washington
1723,
3302,
5036,kushi-washington-2
1711,
4577,
4582,
2391,
2715,labamba-sub-shop-washington
3087,la-cabana-restaurante-washington
2317,la-carbonara-washington
2331,
2779,la-chaumière-washington-2
2659,la-fourchette-washington
1963,la-frontera-cantina-washington
6948,la-kazbah-washington
3342,la-libertad-restaurant-washington
906,la-loma-mexican-restaurant-washington
4300,la-lomita-dos-washington
4122,la-lomita-washington
2811,la-madeleine-french-bakery-and-cafe-washington
137272,
3080,
5699,la-morenita-washington
2717,ristorante-la-perla-washington
4410,la-plaza-restaurant-washington
4868,la-plaza-restaurant-washington
2119,taberna-del-alabardero-washington
3831,la-tasca-washington
2012,la-tomate-washington
1645,la-villa-washington
5058,la-villa-washington
4921,labamba-sub-shop-washington
5518,
1793,lalibela-restaurant-washington
1631,
778,langston-bar-and-grille-washington
2897,
1964,
2233,
2578,las-canteras-washington
4385,las-placitas-washington
2812,
5442,laughing-man-tavern-washington
2229,lauriol-plaza-washington
5505,lavagna-washington
4395,lavagna-washington
3001,lavandou-washington
1329,lawsons-deli-washington
2120,
3634,lawsons-gourmet-washington
4033,lawsons-grille-washington
1110,
3396,le-chat-noir-washington
6917,le-grenier-washington
5519,
4423,le-pain-quotidien-washington-2
6280,le-pain-quotidien-washington-7
5801,le-pain-quotidien-washington-5
2782,le-pain-quotidien-washington
3386,le-pain-quotidien-washington-3
3101,
2744,lebanese-taverna-washington
3863,ledo-pizza-washington-5
2051,
3480,leeloo-lounge-and-restaurant-washington
732,
4832,legal-sea-foods-washington-2
2524,
2363,l-enfant-cafe-and-bar-washington-2
3102,leo-j-o-donovan-dining-hall-washington-2
2997,
5913,
1497,
1652,levantes-washington
4093,levis-port-cafe-washington
1382,
3425,li-ho-food-restaurant-and-carryout-washington
940,
4079,
4076,
4077,
4078,
1743,lighter-restaurant-washington
6593,lil-gt-cafe-washington
137259,lil-gt-cafe-washington
5674,lil-gt-cafe-washington
4416,lil-pub-washington
6854,lillies-washington
6955,lime-fresh-mexican-grill-washington
3443,
5614,lincoln-washington
2455,
2454,lindys-red-lion-washington
3452,listranis-ristorante-italiano-washington
5464,
3375,little-china-cafe-washington
2315,little-ethiopia-restaurant-washington
137258,little-ethiopia-restaurant-washington
2610,angles-bar-and-billiards-washington-2
3905,
555,
137241,viet-garden-washington
2799,viet-garden-washington
6474,
6499,
5610,
4065,
3421,
1918,local-16-washington
2054,locolat-café-washington-2
5496,loebs-ny-deli-washington
3997,
5529,
1805,logan-tavern-washington
5455,lolas-barracks-bar-and-grill-washington
5172,lolas-barracks-bar-and-grill-washington
2427,cafe-lombardy-washington
3091,
3505,
1903,los-cuates-washington
5861,lost-society-washington
6378,
6380,
1801,
5541,
803,
3360,louis-rogue-washington
806,the-201-bar-washington
811,the-201-bar-washington
1266,
5263,
691,
6591,
3796,
1181,luckys-cafe-washington
4498,lucky-kabob-washington
1432,famous-luigis-restaurant-washington
5823,lukes-lobster-washington
1616,luna-grill-and-diner-washington
5252,
1542,
1780,
3618,m-and-s-grill-washington
2651,
2018,m-e-swing-coffee-roasters-washington
5140,ma-mas-southern-cuisine-washington
2185,
6417,
5210,
2064,maddys-washington
1379,
4888,
2225,madhatter-washington-2
3694,
4082,library-of-congress-madison-cafeteria-washington
3534,maggianos-little-italy-washington
2594,
1621,
3507,magic-gourd-restaurant-washington
5916,mai-thai-washington-3
1471,mai-thai-washington-2
4484,
702,
3371,makoto-restaurant-washington
2217,malaysia-kopitiam-washington
4904,mama-ayeshas-washington
6336,mama-chuy-dc-washington
2586,
4507,
3575,
4485,
5483,mandu-washington-2
2160,mandu-washington
2815,
3954,
2861,
2431,
6539,
2216,
6227,
2637,marcels-washington
2590,
5533,
2432,
1023,
4501,
649,
5053,market-lunch-washington-2
4988,market-lunch-washington-2
7006,
3265,
3853,market-to-market-washington
1601,market-to-market-washington-2
1933,to-market-to-market-washington
137254,
5672,
5973,
137245,marrakesh-restaurant-washington
3721,marrakesh-restaurant-washington
6214,marrakesh-p-street-washington
4716,
1465,
4905,
5798,
2704,marshalls-bar-and-grille-washington
3336,
2302,
4388,
5158,
2142,
2920,
2654,
5733,marvelous-pizza-washington
6106,marvin-washington
3906,
6509,marx-cafe-washington
2900,marx-cafe-washington
6508,marx-cafe-washington
726,
5784,masa-14-washington
3178,
3819,matchbox-chinatown-washington
4386,matchbox-capitol-hill-washington
2853,
3403,matisse-washington
2648,
6818,mayfair-and-pine-washington
3295,mayflower-chinese-food-washington
1425,
5090,
1380,mayur-kabab-house-washington
1547,mcdonalds-washington-13
1639,
4026,mccormick-and-schmicks-washington
1987,mccormick-and-schmicks-washington-2
1535,
3311,mcdonalds-washington-24
4037,mcdonalds-washington-24
5468,mcdonalds-washington-24
2599,mcdonalds-washington-4
3861,mcdonalds-restaurants-washington-7
1200,mcdonalds-washington-25
1100,mcdonalds-washington-46
1179,mcdonalds-washington-44
4403,
4211,mcdonalds-washington-8
4073,
4185,mcdonalds-washington-19
3591,mcdonalds-washington-13
3585,mcdonalds-washington-13
3866,mcdonalds-washington-43
2729,mcdonalds-washington-22
4603,mcdonalds-washington-23
5020,mcdonalds-washington-21
6676,mcdonalds-washington-21
1941,mcdonalds-washington-21
2267,mcdonalds-washington-4
3617,mcdonalds-washington-40
6678,mcdonalds-washington-40
1046,mcdonalds-washington-32
3266,mcdonalds-washington-31
3198,mcdonalds-washington-5
3518,mcdonalds-washington-35
782,mcdonalds-washington-45
5422,mcdonalds-washington-45
745,
972,mcdonalds-washington-2
1028,
4256,mcdonalds-restaurants-washington-8
4535,mcdonalds-washington-23
2295,mcdonalds-washington-9
1024,
837,
2684,mcdonalds-washington-15
4615,mcdonalds-washington-42
2638,mcfaddens-restaurant-and-saloon-washington
4491,
3128,
6310,mcnastys-washington-2
6277,meatballs-washington
2727,medaterra-washington
5576,medium-rare-washington
3046,medium-rare-washington
3267,
1264,mega-wraps-washington
3977,mehak-washington
2511,
1479,meiwah-washington
6202,mellow-mushroom-washington
693,
2796,
2507,
6670,menomale-pizza-napoletana-washington
5126,meridian-pint-washington
5388,merzi-washington
2662,meskerem-ethiopian-restaurant-washington-2
5099,meskerem-ethiopian-restaurant-washington-2
2060,met-cafe-washington
2061,
1878,
1540,
4722,
5199,mezè-washington-2
1565,
6528,mgm-roast-beef-washington
4750,
3129,
5566,
5241,mie-n-yu-washington
584,
5993,
5208,millie-and-als-washington
2055,
6452,mintwood-place-washington
797,
1390,mio-restaurant-washington
6882,
4901,
4900,
3153,
2838,miss-saigon-restaurant-washington
4910,
2005,
2131,mixtec-restaurant-washington
6998,
1319,
1580,moby-dick-house-of-kabob-washington
1622,
783,
1472,
2976,
3431,
3432,
5454,molly-malones-washington
2039,
2581,momoyama-washington
2823,
4919,montmartre-washington
2395,
5481,
1397,
5002,morgans-seafood-washington
2896,morgans-seafood-washington
6908,moroni-and-brothers-pizza-restaurant-washington
6511,moroni-and-brothers-pizza-restaurant-washington
1271,
2688,
1302,mortons-the-steakhouse-washington-3
2964,
3340,
1644,
5692,
6212,
2077,mourayo-washington
6996,
6307,
93286,
2720,mr-chens-organic-chinese-cuisine-washington
5267,mr-henrys-washington
4406,mr-henrys-washington
2856,mr-smiths-of-georgetown-washington
1872,
5757,
2464,
1400,
2161,
5303,muncheez-mania-washington
3341,murasaki-japanese-restaurant-washington
4418,
4902,murphys-of-dc-washington
2725,murphys-of-dc-washington
939,murry-and-pauls-restaurant-washington
6984,
5273,
2560,
2617,my-brothers-place-washington
1615,
5268,naan-and-beyond-washington
566,
3028,nam-viet-and-pho-79-washington
3981,nandos-peri-peri-washington-2
6870,
2882,
4084,
2394,
2472,
6671,
3792,
4469,
5521,
5472,
4287,national-democratic-club-washington
1909,
4519,
1739,
3508,
1277,
4147,
4151,
4152,
4148,
986,
4508,
5568,
4435,navy-yard-metro-center-cafe-washington
5029,
3186,
3187,
812,
5663,
2103,
5585,negril-eatery-washington
2570,negril-eatery-washington
4280,negril-washington-dc
3301,neisha-thai-cuisine-washington
3304,neisha-thai-cuisine-washington
4019,nellies-sports-bar-washington
5976,
2090,
3706,new-big-wong-chinese-restaurant-washington
790,new-china-inc-washington
3408,new-course-washington
5332,new-dynasty-washington
2589,new-heights-restaurant-washington
1736,
2644,bardias-new-orleans-cafe-washington
3830,new-world-cafe-washington
1809,new-york-cafe-washington
1293,
2371,new-york-gourmet-deli-washington
6981,new-york-pizza-washington-3
798,new-york-pizza-washington-3
4133,new-york-pizza-washington-2
2837,
6129,
5245,bens-next-door-washington
2905,
6951,nicks-riverside-grill-washington-2
3891,
4779,nirvana-express-washington
2604,
4887,dc-noodles-washington-6
1787,dc-noodles-washington-6
6374,noodles-and-company-washington
1333,
1410,nooshi-washington
1238,north-gate-grill-washington
2682,north-sea-restaurant-washington
5707,
2109,o-tasty-washington
4513,
1840,occidental-washington
1774,occidental-washington
3990,odalis-restaurant-washington
2034,odeon-cafe-washington
4602,
4083,
5964,oh-fish-washington
4561,ohs-place-restaurant-washington
2114,
1003,
1526,old-dominion-brewhouse-washington
3779,old-ebbitt-grill-washington
2649,old-europe-washington
2877,old-glory-washington
1908,
6010,
3228,ollies-trolley-washington
4616,
2498,
2689,
4906,
2690,
2691,
2692,roberts-restaurant-washington
2693,
3407,
3947,
6765,one-fish-two-fish-washington
2652,one-fish-two-fish-washington
1920,one-lounge-washington
1215,circle-bistro-washington
1257,
2603,open-city-washington
6027,
6218,
5302,
6573,
6605,orange-spoon-washington
1636,
4054,
1973,oriental-cafe-washington
1455,
1740,
1666,otello-washington
5564,
6855,oxford-cafe-washington
3885,oya-restaurant-and-lounge-washington
3188,oyamel-washington
93300,rappahannock-oyster-bar-washington
7032,rappahannock-oyster-bar-washington
2172,ozio-washington-2
4098,
6749,pacifico-cantina-washington
3492,
5497,paila-chilean-grill-and-café-washington-3
1782,
6929,
3069,palena-washington
3390,palisades-pizzeria-and-clam-bar-washington
1537,palm-restaurant-washington
3493,
2059,panache-washington
2512,panda-cafe-washington-2
2849,panda-express-washington-2
6122,panera-bread-washington-3
5854,panera-bread-washington-4
6361,panera-bread-washington-2
2491,
5786,
1625,paolos-ristorante-washington
7010,paolos-ristorante-washington
1021,
2583,
1315,
1320,paper-moon-washington-2
7008,paragon-thai-washington
4088,park-cafe-washington
2753,
1969,park-place-gourmet-ii-washington
1528,pasara-thai-restaurant-washington
1884,
2735,pasta-italiana-washington
2130,pasta-mia-washington
1984,patisserie-poupon-washington
6606,patty-boom-boom-washington
2347,patza-grill-washington
6251,j-pauls-washington
6714,paul-bakery-and-cafe-washington-3
5254,paul-bakery-and-café-washington-2
3736,peaches-kitchen-washington
1771,
2965,peacock-cafe-washington
2429,peacock-grand-cafe-washington
6014,pearl-dive-oyster-palace-washington
4989,
5200,
2104,
3761,penn-quarter-sports-tavern-washington
4421,
2192,
6873,perrys-restaurant-washington
2419,pesce-restaurant-washington
5685,
2102,
5046,
2751,petits-plats-washington
6898,
1794,
4613,phillips-flagship-restaurant-and-seafood-grill-washington
1509,
3011,
686,
2663,pho14-at-adams-morgan-washington
4621,pho14-at-adams-morgan-washington
6174,pho-14-washington
5612,pho-14-washington
6200,pho-bar-and-grill-washington
5392,pho-dc-washington-2
6102,pho-dc-washington-2
6741,pho-viet-washington
3475,
1307,
5183,pica-taco-washington
5182,pica-taco-washington
3232,
137264,piccante-pizza-washington
5421,piccante-pizza-washington
4604,pier-7-restaurant-washington
4356,pimento-grill-washington
2463,pines-of-florence-dc-washington
6017,ping-pong-dim-sum-washington-5
5297,ping-pong-dim-sum-washington-6
5098,the-pink-snapper-washington
6396,
5261,pizza-autentica-washington-5
5957,
6000,pizza-authentica-washington
5848,pizza-authentica-washington-2
4774,
2675,pizza-bolis-washington-7
6592,
2612,
6050,pizza-d-oro-washington
2111,pizza-mart-washington
1633,pizza-hut-washington-20
2351,pizza-hut-washington-9
3131,
2298,pizza-italia-washington
6339,
5885,pizzaiole-washington
6477,pizzarro-washington
2975,pizzeria-paradiso-washington-2
2373,pizzeria-paradiso-washington
2127,pizzeria-trattoria-washington
1080,
2911,
5611,pizzolis-pizzeria-washington
5312,p-j-clarkes-washington
3512,
4042,
1527,
1783,
4647,the-players-lounge-washington
1186,
2290,plum-blossom-washington
5405,point-chaud-café-and-crêpes-washington-4
6930,
2944,pollo-campero-washington
4995,pollo-granjero-washington
2097,pollo-granjero-washington
5181,pollomio-chicken-washington
1712,
970,
843,
594,popeyes-chicken-and-biscuits-washington-4
5068,popeyes-washington
520,popeyes-washington
2107,popeyes-chicken-and-biscuits-washington-5
3477,popeyes-washington-4
3243,popeyes-washington-5
913,popeyes-washington-3
4367,popeyes-famous-fried-chicken-washington-6
4268,
4405,
1641,popeyes-famous-fried-chicken-washington-4
5163,popeyes-chicken-and-biscuits-washington-3
4912,popeyes-chicken-and-biscuits-washington-3
4911,popeyes-chicken-and-biscuits-washington-3
5043,
4427,
1456,port-of-piraeus-market-washington-4
1538,
1504,
6963,portico-restaurant-washington
2287,portico-restaurant-washington
3839,
5433,post-pub-washington
800,
1870,
3639,
3836,potbelly-sandwich-shop-washington-11
5226,potbelly-sandwich-shop-washington
3583,potbelly-sandwich-shop-washington-9
3829,potbelly-sandwich-shop-washington-9
3760,potbelly-sandwich-works-washington-4
2015,potbelly-sandwich-shop-washington-13
3237,potbelly-sandwich-works-washington-5
1971,potbelly-sandwich-works-washington-9
5370,potbelly-sandwich-works-washington-16
1748,potbelly-sandwich-works-washington-16
4555,potbelly-sandwich-works-washington-14
4479,potbelly-sandwich-shop-washington-14
1991,potbelly-sandwich-shop-washington-13
2260,potbelly-sandwich-shop-washington-13
3716,potbelly-sandwich-works-washington-12
6151,
5650,potbelly-sandwich-works-washington-26
5538,potbelly-washington-2
99239,potbelly-sandwich-shop-washington-5
6567,potbelly-sandwich-shop-washington-5
5522,potbelly-sandwich-works-washington-21
5844,potbelly-sandwich-works-washington-8
5944,potbelly-sandwich-works-washington-8
5785,potbelly-sandwich-works-washington-4
6576,potbelly-sandwich-works-washington-6
5665,potenza-bakery-washington
4562,
5265,
5558,pound-the-hill-washington
4305,the-pour-house-washington
7001,prego-again-washington
1936,prego-again-washington
2205,presto-pizza-pasta-washington
4720,pret-a-manger-washington-2
6438,pret-a-manger-washington-6
5257,pret-a-manger-washington-3
5328,
2430,the-prime-rib-washington
2414,primi-piatti-washington-2
6736,prince-café-washington-6
5167,prince-cafe-washington-4
3345,prince-café-washington-6
3344,prince-café-washington-6
1233,
2621,
2904,
3884,proof-restaurant-washington
572,
1156,
3886,ps7s-washington
1517,public-bar-washington
5646,public-bar-tenley-washington
6727,pulpo-washington
5125,
5128,
6932,puro-mediterranean-tapas-washington
5761,qdoba-washington-3
3581,qdoba-mexican-grill-washington
2992,qdoba-mexican-grill-washington-2
1642,
2297,
1861,queen-of-sheba-washington
5147,queens-cafe-and-hookah-washington
830,queens-chapel-deli-and-market-washington
5149,
1507,quick-pita-washington-3
2186,
2914,
3896,quiznos-washington-13
1769,quiznos-washington-9
1586,quiznos-subs-washington-8
4925,quiznos-sub-washington
1290,quiznos-sub-washington
3309,quiznos-washington-14
818,
1442,quiznos-washington-7
3909,quiznos-washington-7
1152,
3948,
3871,quiznos-washington-2
4672,quiznos-washington-2
5283,quiznos-subs-washington-2
4419,quiznos-subs-washington-2
4437,quiznos-subs-washington-6
4797,quiznos-washington-3
2026,quiznos-washington-10
1567,quiznos-sub-washington-2
3416,quiznos-washington-8
5461,
6434,quiznos-washington-4
4536,quiznos-washington-4
3825,
2885,radius-pizza-washington
6514,rahama-african-restaurant-washington
2718,rajaji-curry-house-washington
2264,raku-washington
2208,ranch-1-washington-3
3363,ras-restaurant-and-lounge-washington
3757,rasika-washington
6579,rasika-west-end-washington
4959,rasoi-indian-kitchen-washington
2869,
4838,rays-the-steaks-at-east-river-washington
2187,
2439,american-red-cross-washington
3110,
1902,
5342,redline-washington
3781,
6877,
6946,redrocks-firebrick-pizzeria-washington
5243,red-toque-café-washington-2
1628,
3624,
5750,
1164,
5324,
4067,
5950,republic-gardens-restaurant-washington
1731,republic-gardens-restaurant-washington
4523,
2486,
3966,rfd-washington-washington-2
4247,
6708,
1923,rice-washington
137274,el-rinconcito-ii-washington
1662,el-rinconcito-ii-washington
1875,
6001,
1335,
1316,ristorante-piccolo-washington
2924,ritas-west-indian-carryout-washington
4684,
5134,
2831,nicks-riverside-grill-washington-2
5539,roadside-cafe-washington
2384,
7023,
4785,
3707,
3520,
694,
3820,
2646,rocklands-barbeque-and-grilling-company-washington-2
5951,rogue-24-washington
5383,
4578,
6913,rome-pizza-and-sub-washington
5133,rome-pizza-and-sub-washington
2508,cafe-romeos-washington
885,
6747,room-11-washington
6522,room-11-washington
4000,rosa-mexicano-washington
6447,rosa-mexicano-washington-4
704,
4923,rosemarys-thyme-bistro-washington-2
5193,roti-mediterranean-grill-washington
5292,roti-mediterranean-grill-washington-3
6225,roti-mediterranean-grill-washington-8
5978,roti-mediterranean-grill-washington-5
6072,
1609,
1772,
2164,
3446,royal-thai-cuisine-and-bar-washington
2974,
3815,ruby-tuesday-washington-2
3012,ruby-tuesday-washington-3
5607,ruby-tuesday-washington
3208,ruby-tuesday-washington
1314,
5487,rumba-café-washington-2
3010,
2261,rumors-washington
2136,russia-house-restaurant-and-lounge-washington-2
5482,rustik-tavern-washington
2423,ruths-chris-steak-house-washington
6789,ruths-chris-steak-house-washington
3868,ruths-chris-steakhouse-washington
4608,
3814,
5238,
5111,
5807,sacrificial-lamb-kabobs-and-wraps-washington
6964,
5237,
916,
737,
1296,
6623,
5391,saigon-bistro-washington-2
6388,
1803,
3695,saints-paradise-cafeteria-washington
2440,sakana-japanese-restaurant-washington
2743,
6620,sakuramen-washington
4834,sals-cafe-washington
5035,sala-thai-washington-2
1623,sala-thai-washington-2
4692,sala-thai-washington-3
6673,sala-thai-washington-4
1815,
2328,
2951,
6478,salt-and-pepper-grill-washington
821,
1469,
976,san-antonio-bar-and-grill-washington
4012,
2562,sandellas-flatbread-cafe-washington
3092,sangria-cafe-washington
5797,sankofa-bookstore-and-cafe-washington
4415,sanphan-washington
3093,
951,
3349,satay-club-washington
2878,
5580,sawah-diner-and-hookah-lounge-washington
4715,sawah-diner-and-hookah-lounge-washington
5736,sax-washington
3048,
1630,
5072,
1085,sbarro-restaurant-washington
1610,sbarro-washington-4
3253,
2466,scion-restaurant-washington
3873,
1304,sea-catch-restaurant-washington
2324,
1482,
5958,
1854,
2567,
3867,
3621,
6876,
4531,secrets-of-natures-health-food-centers-washington
4334,secrets-of-natures-health-food-centers-washington
3298,sei-washington
4886,selam-restaurant-washington
1886,selam-restaurant-washington
5627,senarts-oyster-bar-and-chop-house-washington
3743,senbeb-cafe-washington
6590,senbeb-cafe-washington
3566,
2807,sequoia-washington-2
5586,serendipity-3-washington
3734,serengeti-resturaunt-and-lounge-washington
1518,
1994,sette-osteria-washington
3967,
5333,
5710,shake-shack-washington
3705,
2628,
3308,
5816,shanghai-lounge-washington
6482,
2278,
6025,shawafel-washington
1989,
1988,shawarma-king-washington
5956,shaws-tavern-washington
3391,
1672,shellys-back-room-washington-2
6683,shemalis-washington
1492,
1865,
5186,
993,
3063,siam-house-thai-restaurant-washington
6505,
3504,
3503,
2211,sichuan-express-washington
1016,
4510,
5347,sign-of-the-whale-washington-2
2213,sign-of-the-whale-washington-2
3842,
5314,silvestre-cafe-washington
3562,
1437,
1417,sip-of-seattle-washington
3293,
3146,
101241,sixth-engine-washington
4288,sizzling-express-washington-4
4402,sizzling-express-washington-5
1831,sizzling-express-washington-2
1454,
3543,sizzex-sizzling-express-washington
1825,
1966,skewers-washington
2312,
794,
4443,
1561,
609,
6860,slate-wine-bar-bistro-washington
137244,
5192,
2653,
6682,
1398,smith-and-wollensky-washington
5439,smith-commons-washington
6742,smoke-and-barrel-washington
6895,
6581,
6756,
6893,
1309,
3834,
3959,
3960,ici-urban-bistro-washington
2273,
3510,
1617,soho-cafe-and-market-washington-3
1371,
3190,soho-cafe-and-market-washington
2521,soho-tea-and-coffee-washington
1582,solar-cafe-washington
2334,
4481,
6450,souk-restaurant-washington
2723,
5932,soupergirl-washington
2558,soussi-restaurant-washington
6412,southern-hospitality-washington
696,
6230,roxanne-washington
5274,spice-express-washington-2
5444,spice-express-washington-2
3007,spices-asian-restaurant-and-sushi-bar-washington
6222,
3402,spring-garden-washington
6314,
3448,
767,
3250,
2452,m-street-bar-and-grill-washington
2614,
4194,
4049,
2780,
5608,
4871,
2400,
4199,
5371,
1291,stans-restaurant-and-bar-washington
6944,standard-washington
5513,standard-washington
2762,
4310,
3787,
2959,
3296,
3921,
1228,
3414,
1770,
101239,
4069,
1683,
3883,
4021,
1836,
3165,
1813,
5112,
1620,
1392,
3936,
3802,
2519,
2203,
4596,
2070,
2313,
2832,
2080,
2866,
2985,
3318,
2169,
2568,
2803,
3029,
3235,starbucks-washington-54
2148,
6962,
2001,
2529,
1566,
6774,
1911,
3582,
3369,
2988,starbucks-washington-70
3040,
3541,
3559,
4274,
4556,
4595,
101240,starbucks-washington-57
6123,starbucks-washington-57
4477,
1501,
2467,
1239,
1853,
1844,
5463,
2625,
3121,
4102,
4032,
1907,
6773,
5894,
2554,
3472,starbucks-washington-54
2340,
5923,stars-and-stripes-cafe-washington
2487,
2536,
5855,station-4-washington-3
1820,station-9-washington
1195,station-cafe-washington
3911,
3351,osman-and-joes-steak-n-egg-kitchen-washington
1997,steam-cafe-and-lounge-washington
1670,
1929,stetsons-famous-bar-and-grill-washington
1564,stevens-sandwich-shoppe-washington
1581,
5992,sticky-rice-washington
592,sticky-rice-washington
1816,stoneys-bar-and-grill-washington
2445,
1932,subway-washington-16
1422,subway-washington-24
2571,subway-washington-4
5286,
3813,subway-washington-24
3935,subway-washington-49
1119,
720,
1193,
861,subway-washington-47
5712,
1019,
5256,
4353,subway-sandwiches-and-salads-washington-17
3423,subway-washington-64
2342,subway-washington-54
4025,subway-washington-24
1673,subway-washington-24
2116,subway-washington-54
1268,
1830,subway-washington-24
1995,subway-washington-60
2451,subway-washington-39
2972,subway-washington-38
1732,subway-washington-38
3064,subway-washington-9
4971,subway-washington-33
2679,subway-washington-33
3283,subway-washington-36
2338,subway-washington-34
1403,subway-washington-4
1498,subway-sandwiches-and-salads-washington-2
1737,subway-sandwich-shop-washington-4
3601,subway-washington-52
4867,subway-washington-52
3269,subway-washington-12
3303,subway-washington-22
3437,subway-washington-15
938,subway-washington-45
590,subway-washington-30
984,
4279,subway-washington-57
4136,subway-washington-5
5471,subway-washington-55
4591,subway-washington-23
4186,
4629,
1429,subway-washington-60
1372,subway-washington-60
6582,subway-washington-60
2448,subway-washington-39
2409,subway-washington-60
5741,
2702,subway-washington-35
2341,subway-washington-54
3112,
6195,subway-sandwich-shop-washington-7
5387,
4127,
4307,
4092,
2994,subway-sandwiches-and-salads-washington-19
6393,subway-cafe-washington
5681,subway-sandwich-shop-washington-7
2072,suki-asia-washington
2066,
1944,
4114,
1202,sunrise-cafe-washington-2
1378,sunrise-cafe-washington
3457,
6972,
4309,
3260,sun-spot-cafe-and-deli-washington
3696,sun-spot-cafe-and-deli-washington
3221,
3411,
1638,
524,
3455,sur-la-place-washington
5828,surfside-truck-washington
1337,sushi-aoi-washington
6986,
3808,sushi-go-round-and-tapas-washington
2580,sushi-ko-washington
6302,sushi-para-washington
3108,
1860,sushi-taro-washington
2021,sweetlicks-washington
3103,sweet-mango-cafe-washington
4987,
3072,
6943,sweetgreen-washington-9
4216,sweetgreen-washington-5
6724,sweetgreen-washington-7
5910,sweetgreen-washington-6
697,
3720,
4383,
3865,szechuan-house-restaurant-washington
3460,
2471,
4071,
2658,
1703,tabaq-bistro-washington
93288,tackle-box-washington
2957,tackle-box-washington
5827,tackle-box-washington-2
3113,taco-bell-washington-10
6782,
3740,tai-shan-restaurant-washington
1665,taj-mahal-restaurant-washington
3782,takoma-station-tavern-washington
5121,
6604,tanad-thai-washington
3400,tanad-thai-washington
5345,tandoori-time-washington
1440,tandoori-time-washington
6890,
5382,
4958,taqueria-distrito-federal-2-washington
3043,taqueria-distrito-federal-washington
3377,
3378,
6800,
5509,
2734,taste-of-india-washington
3859,taste-of-the-caribbean-ii-washington
6136,
3270,
4295,
560,taylor-gourmet-washington-3
6389,taylor-gourmet-washington-4
3160,teaism-washington-7
3922,teaism-washington-9
2406,teaism-washington-8
5203,teak-wood-washington
2685,
2279,teatro-goldoni-washington
5067,teds-bulletin-washington
5065,teds-bulletin-washington
3843,teddys-roti-shop-washington
5306,
1245,
3238,
3239,
5350,terasol-washington
7011,
3271,
2916,
4762,
1439,
2032,thai-chef-sushi-bar-restaurant-washington
3799,thai-chili-washington
2436,thai-kingdom-washington
2584,
4242,thai-orchids-kitchen-washington
2510,thai-place-washington
4302,thai-roma-restaurant-washington
1661,thai-tanic-restaurant-washington
3042,thai-tanic-ii-washington
4980,thai-tanic-ii-washington
857,
7015,
2699,
2165,
6770,the-atlas-room-washington
3771,
1363,
5972,best-sandwich-place-washington-2
5917,the-big-board-washington
1715,
5211,the-black-squirrel-washington
5062,the-bottom-line-washington
2105,breadline-washington
6803,
2115,
5260,brown-bag-washington
6231,
6953,bgr-the-burger-joint-washington
2374,
3362,
3498,
5492,the-cajun-experience-washington
2075,
5919,
4726,
3189,the-caucus-room-washington
3542,the-cheesecake-factory-washington
4780,the-chesapeake-room-washington
5530,the-codmother-washington
3140,
2634,
1473,constitution-cafe-washington-3
6585,the-crave-washington
1654,
2674,the-diner-washington
5116,
6349,
2071,
3622,garden-cafe-washington-2
2700,
1892,
5734,the-getaway-washington
5569,
1172,
4784,the-grill-from-ipanema-washington
2795,the-guards-washington
3985,notti-bianche-washington
2859,the-heights-washington-2
4051,the-tavern-at-the-henley-park-washington
3071,
1443,
137271,islander-carribean-restaurant-and-lounge-washington-2
1499,islander-carribean-restaurant-and-lounge-washington-2
1466,
4741,
3201,
539,liberty-tree-washington
1460,
4231,market-lunch-washington-2
4512,
1330,the-meeting-place-washington
1530,the-melting-pot-washington-2
4808,the-mighty-pint-washington
547,monocle-on-capitol-hill-washington
2058,the-mudd-house-washington
6927,new-orleans-poboy-shop-washington
7007,
1488,oceanaire-seafood-room-washington-2
3923,the-oval-room-washington-2
1738,
1282,the-passenger-washington
5655,
6100,
5335,
6707,the-pig-washington-2
6662,the-pinch-washington
1990,
598,the-pug-washington
5618,the-queen-vic-washington
588,
2668,
2282,the-regent-thai-cuisine-washington
1811,
3026,ripple-washington
1453,
2852,
1256,the-roasting-house-washington
2703,
5337,the-royal-diners-washington
6206,
5291,
6899,
5277,
585,
4034,
4649,
1643,
1459,
5188,star-and-shamrock-washington
1088,
2155,sulgrave-club-washington
3623,
1548,the-tombs-washington
4431,
1438,the-university-club-of-washington-dc-washington
5259,upper-crust-pizzeria-washington-2
3938,
6814,uptown-tap-house-washington
1850,
1841,
1374,the-wonderland-ballroom-washington
1447,the-works-cafe-washington
991,
1525,
6320,
6484,
3766,three-s-restaurant-washington
1089,thunder-grill-washington
5895,thunder-grill-washington
1749,tjs-gourmet-deli-washington
1287,
5787,
2605,tom-tom-washington
3726,tony-chengs-mongolian-restaurant-washington
5722,tonic-at-quigleys-bar-and-restaurant-washington-2
2886,
5911,tono-sushi-washington
2721,tono-sushi-washington
6947,tony-and-joes-seafood-place-washington
2825,tony-and-joes-seafood-place-washington
6822,
3727,
3741,tonys-place-washington
6862,tonys-place-washington
4129,
3633,
1579,
6348,tops-washington-2
5045,tortilla-cafe-washington
5393,tortilla-coast-washington
6334,tortilla-coast-washington-2
6266,tortino-washington
1399,tosca-washington
1139,toscana-café-washington-2
5524,
1423,
2549,town-hall-washington-2
6439,town-hall-washington-2
2592,
1976,townhouse-tavern-washington
5424,
2184,giovannis-trattu-washington
606,
1896,trio-restaurant-washington-2
3079,
3889,tropicana-carryout-washington
4281,
4787,
684,tropicana-eatery-washington-3
5289,tropicana-eatery-washington-3
4366,tropicana-eatery-washington-4
5959,truorleans-restaurant-and-gallery-washington
2176,
2671,
4137,
2676,tryst-coffee-house-bar-and-lounge-washington
953,tsim-yung-chinese-washington
6207,tsunami-sushi-and-lounge-washington
4320,tune-inn-washington
4217,tunnicliffs-tavern-washington
2367,
5102,turntable-restaurant-and-disco-washington
3607,turntable-restaurant-and-disco-washington
1726,tuscana-west-washington
2970,tuscany-cafe-washington
3563,twin-dragon-carry-out-washington
4708,twins-jazz-washington
6853,twist-georgetown-restaurant-and-lounge-washington
2697,twist-georgetown-restaurant-and-lounge-washington
3109,2-amys-washington
2895,
5356,
5279,
137269,u-street-cafe-washington
4978,u-street-cafe-washington
6241,
1519,ulah-bistro-washington
4038,
6666,umi-japanese-cuisine-washington-2
5943,umi-japanese-cuisine-washington-2
6343,
5747,
5749,
5748,
3114,
2495,uni-a-sushi-place-washington-2
813,union-pub-washington
5146,
1086,
4107,
5485,uniontown-bar-and-grill-washington
4029,
771,
6338,
2047,
669,
4097,
4099,united-house-of-prayer-for-all-people-washington-4
4117,
2412,
2194,
2912,
2245,
6226,unum-washington
3181,
3433,
3434,
6224,uptown-tap-house-washington
3022,uptown-tap-house-washington
5124,
2437,
2490,urbana-washington
3857,urfa-tomato-kabob-washington
915,
3005,
6535,
4495,
4474,
4492,
2375,
2143,vapiano-washington-2
2484,
1795,
4043,
3605,
2642,
5506,
2449,
3654,
3683,
1962,
1288,vermont-village-cafe-washington
2525,v-falafel-washington
1441,via-19-washington
5604,via-19-washington
1250,via-cucina-washington
1413,via-cucina-express-washington
1411,
2350,vidalia-restaurant-washington
2053,vie-de-france-washington
5739,
2332,
2736,
1871,
863,
4598,
3982,domku-bar-and-cafe-washington-2
3486,lincolns-waffle-shop-washington
739,wah-mee-restaurant-washington
4255,wahsing-restaurant-washington
4537,wall-street-deli-washington
6488,wasabi-to-go-washington
4035,
1289,
2755,
2756,
2760,
2758,
2757,
715,
3156,
2306,
5070,
1533,
1217,
2716,
1451,
5473,
1450,
1804,
3725,wazobia-washington
5625,we-the-pizza-washington-2
4316,wellness-café-washington-4
529,wendys-washington-3
4237,
2062,wendys-washington-2
3138,wendys-washington-9
1026,
3900,
4509,wendys-washington-2
1462,westend-bistro-by-eric-ripert-washington
6954,west-wing-cafe-washington-4
5372,west-wing-cafe-washington-3
1396,west-wing-cafe-washington
1395,west-wing-cafe-washington
1412,west-wing-cafe-washington-2
6664,west-wing-cafe-washington-2
3175,
1751,
1752,
1753,
3057,
5194,
899,white-tiger-restaurant-washington
2029,
1826,
3324,
1775,willard-room-restaurant-washington
4384,
3832,
2253,
3793,
1262,
3910,
5205,
1549,wisemillers-grocery-and-deli-washington
4802,wiseys-washington
4557,the-wishbone-washington
3700,wok-and-roll-washington
5358,wok-and-roll-asian-bistro-washington
3946,
1888,
3730,wonder-chicken-washington
2732,woodley-cafe-washington
2761,
5438,
809,
2242,
2178,
2492,
1754,
1755,
2485,
1259,yee-hwa-korean-restaurant-washington-2
3066,
6512,
2291,yetenbi-ethiopian-restaurant-washington
4844,
4875,
6865,yo-sushi-washington
5995,
3060,
45239,
6564,
6162,
918,
3355,yosaku-japanese-restaurant-washington
4301,young-chow-washington-2
858,
3748,
4109,younis-pizzeria-washington
3236,
542,
4527,yums-carryout-washington-3
5470,z-burger-washington-2
5325,zpizza-washington
6931,z-burger-washington-6
6493,z-burger-washington-5
2230,zabb-washington
4606,
3801,zaytinya-washington
5563,
5351,
5248,zeke-sport-cafe-washington
3888,zengo-washington
1283,zenobia-lounge-washington
6444,
4500,
762,zion-kitchen-washington
3926,zola-washington
3445,zola-wine-and-kitchen-washington-2
2805,zoo-bar-cafe-washington-2
1930,zorbas-cafe-washington
5704,zoup-washington
2235,
4805,zula-restaurant-washington
2322,zula-restaurant-washington
6408,zuppa-fresca-washington
137277,el-don-restaurant-washington
7049,trattoria-nicolas-washington
7050,lima-restaurant-and-lounge-washington
7059,cafe-paradiso-washington
7063,cafe-japone-washington
7084,americas-best-wings-washington-2
7047,azis-cafe-washington
7101,cafe-arte-washington
7133,camilles-sidewalk-cafe-washington
7139,california-tortilla-washington-8
7121,cause-the-philanthropub-washington
7088,cava-mezze-grill-washington-2
7120,
7073,dancing-crab-washington
7135,
7100,döner-bistro-washington
7076,drafting-table-washington
137286,
7083,
7115,farmers-and-fishers-washington
3794,
7152,kruba-thai-and-sushi-washington
7155,little-rickys-washington
7090,maddys-taproom-washington
137284,mama-ayeshas-washington
7085,mio-restaurant-washington
7089,
7145,
7094,
7069,pret-a-manger-washington-2
7148,radius-pizza-washington
7130,
7072,
137281,
6096,subway-washington-37
137288,subway-washington-9
5447,talay-thai-washington
137282,
7079,board-room-washington
7078,the-coupe-washington
137289,
7157,
7144,
7086,
7137,
7107,wiseguy-ny-pizza-washington
7160,asian-american-restaurant-washington
137291,buca-di-beppo-washington
7159,freshii-washington-3
47238,
7168,mad-momos-beer-garden-washington
7166,the-park-at-fourteenth-washington
7170,white-apron-specialty-sandwiches-washington
137296,agora-restaurant-washington
137295,
7177,california-tortilla-washington-3
7187,energy-kitchen-washington
137292,
137293,
7185,la-tomate-washington
7186,mason-inn-washington
113238,mings-restaurant-washington
137294,nam-viet-and-pho-79-washington
7179,st-arnolds-on-jefferson-washington
7188,
7190,
137300,cafe-olé-washington-2
7196,elephant-and-castle-washington-3
137297,lebanese-taverna-washington
137299,
7194,minibar-washington
7198,
7197,
7042,sprig-and-sprout-washington
7192,woodward-table-washington
7123,
7219,dgs-delicatessen-washington
7214,
5708,
7220,levantes-washington
7207,paul-bakery-and-cafe-washington-3
7217,
7216,
113239,
7236,annies-paramount-steak-house-washington
137302,
7227,matchbox-14th-street-washington
137301,thai-tanic-restaurant-washington
147252,au-bon-pain-washington-9
147238,boloco-washington-2
147251,
147239,
147260,
147253,
147242,firehook-bakery-washington
147258,five-guys-burgers-and-fries-washington-8
137304,hanks-oyster-bar-washington
6379,le-bon-cafe-washington
2444,pizzeria-paradiso-washington
147247,range-by-bryan-voltaggio-washington
147249,
147241,
147243,
147245,taylor-charles-steak-and-ice-washington
137307,alero-restaurant-washington-4
147277,buffalo-and-bergen-washington
147264,
147283,
137308,mcdonalds-washington-21
7113,pho14-at-adams-morgan-washington
137306,sacrificial-lamb-kabobs-and-wraps-washington
137309,subway-washington-16
147262,
147275,
147279,best-sandwich-place-washington-2
147269,the-chicken-place-express-washington
147302,
147299,flavors-of-india-washington-3
147313,hikari-sushi-and-sake-bar-washington
147298,the-silver-spork-washington
147309,
147312,taan-washington
147301,
147319,edgar-bar-and-kitchen-washington
147318,jetties-downtown-washington
147254,mari-vanna-washington
147324,marvelous-pizza-washington
147320,
147340,
147339,hawk-n-dove-washington
147336,locolat-café-washington-2
147337,
147310,panera-bread-washington-7
147343,absolute-noodle-washington
147346,ambar-washington
147345,il-canale-washington-2
3869,
147364,
6416,loebs-ny-deli-washington
147356,sweetgreen-washington-12
147359,
147367,tash-washington
147383,
147369,
147368,carving-room-washington
147374,chix-washington-2
147378,panda-gourmet-washington
147377,paragon-thai-washington
147376,pollo-campero-washington
147371,tash-washington
147397,cafe-phillips-washington
147384,
147391,fado-irish-pub-and-restuarant-washington
147389,
147392,
147390,
147406,
2137,an-uncommon-cafe-washington-2
147407,ancora-washington
147404,café-berlin-washington-2
147411,
147409,kfc-washington-6
147415,
147408,malmaison-washington
147410,
147403,table-washington
147417,daikaya-washington
147418,noodles-and-company-washington-4
147422,
6883,
147452,beau-thai-mount-pleasant-washington
147424,beucherts-saloon-washington
147329,brown-bag-washington
6933,
147431,henrys-soul-cafe-washington
147266,
147451,mothership-washington
147456,
3384,
147442,
147445,
7097,
147449,
147436,the-source-washington
147482,
147504,
147481,the-brookland-cafe-washington-2
147496,
147497,
6992,
147469,masai-mara-washington
6967,
147465,
6414,
5445,taylor-gourmet-washington-2
147499,taylor-gourmet-washington-6
147501,
147498,
147478,
147332,
147509,
147510,
147514,bangkok-thai-dining-washington
147494,
147430,
147517,
147513,
147528,vapiano-washington-3
147534,
147536,
147549,
872,
4721,
147542,
147543,
147559,
147557,new-york-pizza-washington-4
147574,
147576,
147575,
147565,
147572,masala-art-washington
147577,
147578,zest-bistro-washington
147592,
147582,
147598,
147590,
147580,corner-bakery-cafe-washington-3
147593,
147591,
147595,
147520,
147597,salt-and-pepper-washington
147594,
147596,
147608,
147607,
147616,
147599,froggy-bottom-pub-washington
147615,
147618,
147617,shawarma-spot-washington
147602,subway-washington-60
147603,subway-washington-15
147609,
147612,
147620,
147637,
147635,
147634,
2246,
147625,
147639,
147630,taqueria-nacional-washington-2
147643,
147647,
147644,
147648,
147663,
147659,
147658,
147660,
147656,ris-washington
147653,
147651,
147652,
147665,
147673,
147672,
147675,
147567,
147666,subway-washington-38
147671,
2903,angelico-pizzeria-and-cafe-washington-2
147678,
725,china-wok-washington
147683,
147679,
147699,
147690,
147697,
147687,
147694,
147691,cafe-luna-washington
147700,
147713,béarnaise-washington-2
147705,
147712,lace-washington
147711,
147704,
147706,
147707,
147702,
147719,
147739,
147748,
147741,
147724,j-and-g-steakhouse-washington
147738,
147732,m-cafe-bar-washington
7045,pleasant-pops-farmhouse-market-and-cafe-washington
147754,
147751,
147755,eur-asian-washington
147393,good-stuff-eatery-washington-2
147760,
147775,
147773,
147772,ghana-cafe-washington
147777,
147778,
1336,subway-washington-24
147770,
147765,
147784,
147785,
147791,
147779,
147532,west-wing-cafe-washington-6
147801,
147803,
147805,
147823,
147810,t-v-a-cafe-recess-washington
147814,
147813,
147824,
147816,
3468,
147807,
147822,
147828,bonmi-washington
147829,
147827,
147837,
147839,
147853,
147831,
147838,
147854,
147856,
147812,
147860,
147863,
147896,
147902,
147868,bold-bite-washington
147894,
147889,jacks-fresh-washington-3
147901,jacks-fresh-washington-3
147892,
147878,
147888,sonoma-restaurant-and-wine-bar-washington
147898,
147884,woodlands-vegan-bistro-washington
147905,
147911,
147907,
147919,
147914,
147918,
147915,
147927,
147477,
147937,mamma-mia-washington
2840,mayflower-restaurant-washington
6686,telveh-cafe-and-wine-bar-washington
147939,uptown-cafe-washington-2
147935,
147934,
147950,
147955,
147944,chopt-creative-salad-company-washington-4
147943,
147945,
147954,mcdonalds-washington-39
147956,subway-washington-9
147965,
147973,big-bear-cafe-washington
147961,
147959,
147962,
147971,jacks-famous-deli-washington
147964,
147967,
147974,
5963,sundevich-washington
147966,
147986,
147984,
147983,dc-noodles-washington-6
147978,
147982,station-cafe-washington
6088,subway-washington-18
147987,
147980,trattoria-alberto-washington
147994,capriottis-sandwich-shop-washington
148001,
147995,district-of-pi-washington
148011,ninnella-washington-2
147988,thaiphoon-washington
148023,
148021,
148015,
148020,
148016,
148013,the-silver-spork-washington
148065,
148028,
148061,
148058,
148067,
148089,
148092,
147768,
148083,
148090,flippin-pizza-washington-2
148085,
148091,jimmy-johns-washington-2
148084,madhatter-washington-2
148077,nandos-peri-peri-washington-3
148075,
148088,ritas-west-indian-carryout-washington
148100,sichuan-pavilion-washington
148078,
148082,
148081,
148113,
148123,
148120,
148115,starbucks-washington-98
147351,
148112,
148128,alba-osteria-washington
148139,
148131,
148130,
1747,petes-new-haven-style-apizza-washington
148134,
148129,
148173,bistro-cacao-washington-2
148156,
148158,kellari-taverna-washington-2
148172,
148157,
148144,mixtec-restaurant-washington
148154,
148174,
2593,
148181,
148187,
148190,seasons-restaurant-washington
148199,
148185,
148196,the-brown-bag-washington
148215,
148204,la-colombe-washington-2
148213,
148212,pinstripes-washington
148216,
148220,
148222,
148225,
148226,mcdonalds-washington-23
148228,noodles-and-company-washington-4
148221,
148231,
172240,mcdonalds-washington-45
148230,
172256,
172258,
172247,custom-fuel-pizza-washington-2
172255,
172246,
172269,
172288,
172294,
6507,
172293,
172268,punjabi-dhaba-washington
172274,
172267,wendys-washington-9
172296,
172319,chipotle-mexican-grill-washington-10
172317,five-guys-burgers-and-fries-washington-6
172304,
6276,
172298,
172314,pret-a-manger-washington-2
172299,
172305,
172297,wendys-washington-3
172327,
172325,
172334,eddies-carryout-washington
172331,
172322,
172329,pizzarro-washington
172323,toro-toro-dc-washington
172324,
6902,
172369,amsterdam-falafelshop-washington-4
6959,dc-scoop-cafe-washington
172352,
172365,
172356,tonys-breakfast-washington
172357,
172382,
172398,momiji-washington
172407,
172393,new-york-cafe-washington
172386,
172399,
172406,
172395,subway-washington-30
172422,
172415,the-house-of-falafel-washington-2
172424,
172420,
172453,
172454,
3653,
172430,grand-deli-and-cafe-washington
172431,grand-deli-and-cafe-washington
172449,
172434,
172442,
172455,
172436,roses-luxury-washington
172447,
172429,
172571,and-pizza-washington-11
172655,a-deli-washington
172476,
172668,al-crostino-washington
172733,
172605,aroma-indian-cuisine-washington-3
172603,aroma-indian-cuisine-washington-3
172602,aroma-indian-cuisine-washington-3
172604,aroma-indian-cuisine-washington-3
4594,
172685,
172477,
172486,bergamis-washington
172485,
172637,boss-shepherds-washington
172510,bourbon-washington-2
172467,brooklands-finest-washington-2
172677,cafe-paradiso-washington
172682,
172703,
4511,
172553,
172584,creme-café-and-lounge-washington-2
172680,devon-and-blakely-washington-4
172412,district-taco-washington-4
172628,
172606,
172520,custom-fuel-pizza-washington-4
172481,g-street-food-washington-4
172558,georgetown-dinette-washington
172672,grk-fresh-greek-washington-2
172505,
172507,hip-hop-fish-and-chicken-washington
172725,hooters-washington
172542,
172649,
172660,india-gate-washington-2
172742,
172582,rural-society-washington
172518,love-n-faith-community-cafe-washington-2
172664,lunchbox-washington
172474,
172681,masala-art-washington-4
172625,
172487,menu-market-bistrobar-kitchen-washington-2
172650,michos-lebanese-grill-washington
172573,
172473,nandos-peri-peri-washington-11
172608,noelia-washington-2
172665,
172423,
172472,
172716,penn-social-washington
3986,penn-grill-washington
172634,pizza-autentica-washington-2
172720,pizza-no-17-washington
172522,po-boy-jim-washington
172734,
172646,primi-piatti-washington-2
172701,
172694,
172545,smith-public-trust-washington
172495,
172512,osman-and-joes-steak-n-egg-kitchen-washington
172577,steel-plate-washington-2
172723,subway-washington-54
172554,
172574,sweetgreen-washington-15
172661,
172738,thaiphoon-washington
172543,tbsp-the-best-sandwich-place-washington
172502,
172501,tico-washington
172567,shake-shack-washington-6
172623,
172654,west-wing-cafe-washington-4
172494,z-burger-washington
172818,and-pizza-washington-15
173072,100-montaditos-washington-2
172886,
172804,alphonse-italian-market-and-osteria-washington
172875,atrium-cafe-washington-3
172885,atrium-cafe-washington
172806,banana-leaf-washington-9
172826,bistroquet-washington-2
172943,black-and-orange-washington-2
173046,
173014,blue-duck-tavern-washington
172814,
172833,bread-and-salt-washington
172745,brookland-pint-washington-10
172961,bulldog-tavern-washington
172815,
173085,
147357,
172906,cava-mezze-grill-washington-4
172821,charbar-washington
172744,charm-thai-restaurant-washington-2
172897,chez-billy-sud-washington
147997,i-ching-washington
173042,copycat-co-washington-2
172910,costa-brava-washington
173002,
172780,dbgb-kitchen-and-bar-washington
172756,dc-harvest-washington-3
172926,dc-3-washington-2
172791,del-friscos-double-eagle-washington-2
172988,
172914,diego-washington
172920,
172830,driftwood-kitchen-washington
173068,duplex-diner-washington
172777,eat-and-joy-washington
172892,
172938,el-camino-washington-2
172767,
172828,
173035,
173037,
173038,
173036,
172801,
172787,
172871,
172893,
172837,
172836,
172835,
173031,indigo-washington-3
172951,
173019,
172901,
172959,
173074,mr-smiths-of-georgetown-washington
173055,
172898,nagomi-izakaya-washington-2
172810,
172935,native-foods-cafe-washington-5
172878,native-foods-cafe-washington-3
172757,
172808,
173079,
172824,panera-bread-washington-3
172918,
172800,parlay-gastropub-washington
3569,parthenon-restaurant-and-chevy-chase-lounge-washington
172809,paul-bakery-and-café-washington-2
172793,
172921,plan-b-burger-bar-washington
172829,plum-blossom-washington
172911,potbelly-sandwich-shop-washington-32
172933,radici-washington
173088,
173082,
172913,roti-mediterranean-grill-washington-5
173027,salad-creations-washington
173071,
172952,second-state-restaurant-washington
173021,shophouse-southeast-asian-kitchen-washington-5
173008,
172960,
172903,slipstream-washington
172775,
173028,subway-washington-123
173080,
172747,takorean-korean-bbq-tacos-washington-4
172820,taqueria-habanero-washington
172748,
173077,
172874,the-manor-washington
173084,
173083,
172923,washington-firehouse-washington
172924,thip-khao-washington
172788,top-spanish-cafe-and-catering-washington
172894,
172922,urbana-washington
172891,
173053,
172889,willies-brew-and-que-washington
172768,
173109,beau-thai-washington-4
173110,
173130,
173117,
173103,
173135,
173116,
173122,
1689,quiznos-washington-28
173097,
173060,
173111,
173150,
173153,addis-ethiopian-restaurant-washington
4061,
173142,basil-thai-restaurant-washington
173181,
173169,central-michel-richard-washington
173178,chicken-rico-baltimore
173146,china-express-washington
173170,chix-washington
173160,
173152,
173182,the-eye-street-grill-washington
172618,fat-petes-barbeque-washington
173140,hunan-dynasty-washington
173174,jacks-fresh-washington-5
173175,la-villa-pizzeria-washington
173145,
173184,
173172,
173167,
173147,the-heights-washington-2
187282,
173205,
173215,
173188,
173218,beefsteak-washington-3
173189,
173207,black-iron-pizza-washington
187273,bonchon-navy-yard-washington
173199,busboys-and-poets-washington-7
187272,capital-cafe-washington
173216,
173219,
172566,
187278,
187281,la-granja-de-oro-washington-2
187304,
173208,
187311,
187293,maketto-at-union-market-washington
173213,
173194,
187250,
187306,potbelly-sandwich-shop-washington-17
187302,
187257,purple-patch-washington
187244,red-robin-burger-works-washington
187309,
187263,
173186,silver-crust-washington
187300,smokeys-washington-2
187245,
173201,
173202,
187241,the-brown-bag-washington-2
173016,
173204,
173195,
173197,toscana-cafe-washington-7
173193,toscana-cafe-washington-7
173234,tryst-at-the-phillips-washington
